<?xml version="1.0" encoding="UTF-8"?>
<project-private xmlns="http://www.netbeans.org/ns/project-private/1">
    <editor-bookmarks xmlns="http://www.netbeans.org/ns/editor-bookmarks/2" lastBookmarkId="0"/>
    <open-files xmlns="http://www.netbeans.org/ns/projectui-open-files/2">
        <group>
            <file>file:/C:/Users/Gouveiaa/Desktop/EE_Revision/EE_Revision/inscription.php</file>
            <file>file:/C:/Users/Gouveiaa/Desktop/EE_Revision/EE_Revision/functions.php</file>
            <file>file:/C:/Users/Gouveiaa/Desktop/EE_Revision/EE_Revision/inscriptionFormulaire.php</file>
            <file>file:/C:/Users/Gouveiaa/Desktop/EE_Revision/EE_Revision/main.php</file>
            <file>file:/C:/Users/Gouveiaa/Desktop/EE_Revision/EE_Revision/index.php</file>
        </group>
    </open-files>
</project-private>
